{
  "logistic_regression": {
    "roc_auc": 0.6539027982326951,
    "accuracy": 0.656,
    "confusion_matrix": [
      [
        16,
        12
      ],
      [
        31,
        66
      ]
    ],
    "classification_report": {
      "0": {
        "precision": 0.3404255319148936,
        "recall": 0.5714285714285714,
        "f1-score": 0.4266666666666667,
        "support": 28.0
      },
      "1": {
        "precision": 0.8461538461538461,
        "recall": 0.6804123711340206,
        "f1-score": 0.7542857142857143,
        "support": 97.0
      },
      "accuracy": 0.656,
      "macro avg": {
        "precision": 0.5932896890343698,
        "recall": 0.625920471281296,
        "f1-score": 0.5904761904761905,
        "support": 125.0
      },
      "weighted avg": {
        "precision": 0.7328707037643207,
        "recall": 0.656,
        "f1-score": 0.6808990476190476,
        "support": 125.0
      }
    }
  },
  "random_forest": {
    "roc_auc": 0.7264359351988218,
    "accuracy": 0.776,
    "confusion_matrix": [
      [
        3,
        25
      ],
      [
        3,
        94
      ]
    ],
    "classification_report": {
      "0": {
        "precision": 0.5,
        "recall": 0.10714285714285714,
        "f1-score": 0.17647058823529413,
        "support": 28.0
      },
      "1": {
        "precision": 0.7899159663865546,
        "recall": 0.9690721649484536,
        "f1-score": 0.8703703703703703,
        "support": 97.0
      },
      "accuracy": 0.776,
      "macro avg": {
        "precision": 0.6449579831932772,
        "recall": 0.5381075110456554,
        "f1-score": 0.5234204793028322,
        "support": 125.0
      },
      "weighted avg": {
        "precision": 0.7249747899159663,
        "recall": 0.776,
        "f1-score": 0.7149368191721133,
        "support": 125.0
      }
    }
  }
}